name,z3,amaya-mtbdd+hopcroft,cvc5
Problem10_label59_true-unreach-call.c_0.smt2,0.9,ERR,0.02
Problem10_label59_true-unreach-call.c_1.smt2,0.9,7.07,0.03
Problem10_label59_true-unreach-call.c_10.smt2,1.12,3.11,0.02
Problem10_label59_true-unreach-call.c_11.smt2,0.64,3.18,0.02
Problem10_label59_true-unreach-call.c_12.smt2,0.67,1.83,0.02
Problem10_label59_true-unreach-call.c_13.smt2,0.8,2.07,0.02
Problem10_label59_true-unreach-call.c_14.smt2,1.13,7.33,0.02
Problem10_label59_true-unreach-call.c_15.smt2,0.69,5.19,0.02
Problem10_label59_true-unreach-call.c_16.smt2,0.01,TO,0.02
Problem10_label59_true-unreach-call.c_18.smt2,0,5.27,0.01
Problem10_label59_true-unreach-call.c_19.smt2,0.67,3.18,0.02
Problem10_label59_true-unreach-call.c_2.smt2,1.45,8.07,0.04
Problem10_label59_true-unreach-call.c_20.smt2,0.78,TO,0.01
Problem10_label59_true-unreach-call.c_21.smt2,1.21,ERR,0.02
Problem10_label59_true-unreach-call.c_22.smt2,0.73,TO,0.02
Problem10_label59_true-unreach-call.c_23.smt2,0.74,4.75,0.02
Problem10_label59_true-unreach-call.c_24.smt2,0.83,9.17,0.01
Problem10_label59_true-unreach-call.c_25.smt2,1.23,4.03,0.03
Problem10_label59_true-unreach-call.c_26.smt2,0.96,TO,0.02
Problem10_label59_true-unreach-call.c_27.smt2,0.01,TO,0.02
Problem10_label59_true-unreach-call.c_28.smt2,0.01,TO,0.02
Problem10_label59_true-unreach-call.c_29.smt2,0.01,TO,0.02
Problem10_label59_true-unreach-call.c_3.smt2,1.2,TO,0.03
Problem10_label59_true-unreach-call.c_30.smt2,0.01,TO,0.02
Problem10_label59_true-unreach-call.c_31.smt2,0.01,TO,0.02
Problem10_label59_true-unreach-call.c_32.smt2,0.01,11.72,0.03
Problem10_label59_true-unreach-call.c_33.smt2,0.01,6.86,0.03
Problem10_label59_true-unreach-call.c_34.smt2,0.01,6.99,0.03
Problem10_label59_true-unreach-call.c_35.smt2,1.01,14.93,0.01
Problem10_label59_true-unreach-call.c_36.smt2,0.94,6.24,0.02
Problem10_label59_true-unreach-call.c_37.smt2,1.59,7.06,0.03
Problem10_label59_true-unreach-call.c_38.smt2,1.04,TO,0.02
Problem10_label59_true-unreach-call.c_39.smt2,0.97,6.78,0.01
Problem10_label59_true-unreach-call.c_4.smt2,0.99,TO,0.03
Problem10_label59_true-unreach-call.c_40.smt2,1.1,6.51,0.02
Problem10_label59_true-unreach-call.c_41.smt2,2.27,5.79,0.02
Problem10_label59_true-unreach-call.c_42.smt2,0.96,8.32,0.01
Problem10_label59_true-unreach-call.c_43.smt2,1.01,9.44,0.02
Problem10_label59_true-unreach-call.c_44.smt2,0.86,5.92,0.02
Problem10_label59_true-unreach-call.c_45.smt2,1.41,5.03,0.02
Problem10_label59_true-unreach-call.c_46.smt2,0.93,6.15,0.02
Problem10_label59_true-unreach-call.c_48.smt2,0.9,10.02,0.02
Problem10_label59_true-unreach-call.c_49.smt2,1.75,9.67,0.02
Problem10_label59_true-unreach-call.c_5.smt2,1.07,TO,0.03
Problem10_label59_true-unreach-call.c_55.smt2,0.9,9.13,0.02
Problem10_label59_true-unreach-call.c_58.smt2,1.29,9.22,0.02
Problem10_label59_true-unreach-call.c_59.smt2,2.5,ERR,0.07
Problem10_label59_true-unreach-call.c_6.smt2,1.64,TO,0.02
Problem10_label59_true-unreach-call.c_60.smt2,2.02,ERR,0.06
Problem10_label59_true-unreach-call.c_61.smt2,1.72,0.44,0.08
Problem10_label59_true-unreach-call.c_62.smt2,2,TO,0.08
Problem10_label59_true-unreach-call.c_63.smt2,1.59,0.27,0.03
Problem10_label59_true-unreach-call.c_64.smt2,1.64,TO,0.02
Problem10_label59_true-unreach-call.c_65.smt2,1.27,3.71,0.02
Problem10_label59_true-unreach-call.c_66.smt2,TO,9.68,0.03
Problem10_label59_true-unreach-call.c_67.smt2,TO,ERR,0.04
Problem10_label59_true-unreach-call.c_68.smt2,TO,TO,0.04
Problem10_label59_true-unreach-call.c_69.smt2,1.36,TO,TO
Problem10_label59_true-unreach-call.c_7.smt2,1.22,TO,0.02
Problem10_label59_true-unreach-call.c_70.smt2,0,ERR,0.05
Problem10_label59_true-unreach-call.c_71.smt2,0.03,ERR,0.03
Problem10_label59_true-unreach-call.c_72.smt2,0.02,ERR,0.03
Problem10_label59_true-unreach-call.c_73.smt2,1.35,TO,0.11
Problem10_label59_true-unreach-call.c_74.smt2,0,TO,0.06
Problem10_label59_true-unreach-call.c_75.smt2,0,TO,0.05
Problem10_label59_true-unreach-call.c_76.smt2,TO,TO,1.44
Problem10_label59_true-unreach-call.c_77.smt2,1.64,TO,TO
Problem10_label59_true-unreach-call.c_78.smt2,1.27,TO,TO
Problem10_label59_true-unreach-call.c_79.smt2,1.41,TO,TO
Problem10_label59_true-unreach-call.c_8.smt2,1.01,14.2,0.02
Problem10_label59_true-unreach-call.c_80.smt2,1.73,TO,TO
Problem10_label59_true-unreach-call.c_81.smt2,1.27,TO,TO
Problem10_label59_true-unreach-call.c_82.smt2,TO,TO,0.64
Problem10_label59_true-unreach-call.c_83.smt2,TO,TO,0.55
Problem10_label59_true-unreach-call.c_84.smt2,1.55,TO,TO
Problem10_label59_true-unreach-call.c_85.smt2,1.31,TO,TO
Problem10_label59_true-unreach-call.c_86.smt2,1.35,TO,TO
Problem10_label59_true-unreach-call.c_87.smt2,0.75,TO,TO
Problem10_label59_true-unreach-call.c_88.smt2,1,TO,TO
Problem10_label59_true-unreach-call.c_89.smt2,1.26,TO,TO
Problem10_label59_true-unreach-call.c_9.smt2,0.87,3.98,0.02
Problem10_label59_true-unreach-call.c_90.smt2,TO,TO,0.22
Problem10_label59_true-unreach-call.c_91.smt2,0,TO,TO
Problem10_label59_true-unreach-call.c_92.smt2,0.01,TO,0.03
Problem10_label59_true-unreach-call.c_93.smt2,0.97,TO,TO
Problem10_label59_true-unreach-call.c_94.smt2,1.52,TO,TO
Problem10_label59_true-unreach-call.c_95.smt2,0.01,TO,0.07
Problem10_label59_true-unreach-call.c_96.smt2,TO,TO,0.33
Problem10_label59_true-unreach-call.c_97.smt2,0.01,TO,0.05
Problem10_label59_true-unreach-call.c_98.smt2,TO,TO,0.25
Problem15_label00_false-unreach-call.c_0.smt2,TO,ERR,TO
Problem15_label00_false-unreach-call.c_1.smt2,TO,ERR,38.35
Problem15_label00_false-unreach-call.c_10.smt2,0.77,TO,0.01
Problem15_label00_false-unreach-call.c_11.smt2,TO,TO,0.14
Problem15_label00_false-unreach-call.c_12.smt2,0.01,TO,0.25
Problem15_label00_false-unreach-call.c_13.smt2,TO,ERR,0.22
Problem15_label00_false-unreach-call.c_14.smt2,TO,ERR,0.28
Problem15_label00_false-unreach-call.c_15.smt2,34.37,ERR,0.19
Problem15_label00_false-unreach-call.c_16.smt2,TO,ERR,0.13
Problem15_label00_false-unreach-call.c_17.smt2,0.05,ERR,0.24
Problem15_label00_false-unreach-call.c_18.smt2,TO,ERR,0.19
Problem15_label00_false-unreach-call.c_2.smt2,1.59,TO,0.07
Problem15_label00_false-unreach-call.c_3.smt2,1.48,TO,0.07
Problem15_label00_false-unreach-call.c_4.smt2,1.3,TO,0.07
Problem15_label00_false-unreach-call.c_5.smt2,1.1,TO,0.11
Problem15_label00_false-unreach-call.c_6.smt2,1.36,TO,0.05
Problem15_label00_false-unreach-call.c_7.smt2,1.18,TO,0.05
Problem15_label00_false-unreach-call.c_8.smt2,1.11,TO,0.03
Problem15_label00_false-unreach-call.c_9.smt2,0.81,TO,0.01
Problem17_label54_false-unreach-call.c_0.smt2,0,ERR,0.02
Problem17_label54_false-unreach-call.c_1.smt2,0,ERR,0.02
Problem17_label54_false-unreach-call.c_10.smt2,0,TO,0.02
Problem17_label54_false-unreach-call.c_11.smt2,0,ERR,0.01
Problem17_label54_false-unreach-call.c_12.smt2,0,ERR,0.02
Problem17_label54_false-unreach-call.c_13.smt2,0,ERR,0.01
Problem17_label54_false-unreach-call.c_2.smt2,0,ERR,0.03
Problem17_label54_false-unreach-call.c_3.smt2,0,ERR,0.02
Problem17_label54_false-unreach-call.c_4.smt2,0,ERR,0.03
Problem17_label54_false-unreach-call.c_5.smt2,0,ERR,0.02
Problem17_label54_false-unreach-call.c_6.smt2,0.01,ERR,0.02
Problem17_label54_false-unreach-call.c_7.smt2,0.01,TO,0.02
Problem17_label54_false-unreach-call.c_8.smt2,0,ERR,0.01
Problem17_label54_false-unreach-call.c_9.smt2,0,ERR,0.02
Problem18_label34_false-unreach-call.c_0.smt2,TO,TO,0.03
Problem18_label34_false-unreach-call.c_1.smt2,3.82,TO,0.02
Problem18_label34_false-unreach-call.c_10.smt2,0.01,TO,0.06
Problem18_label34_false-unreach-call.c_11.smt2,0,ERR,0.05
Problem18_label34_false-unreach-call.c_12.smt2,0.18,TO,0.08
Problem18_label34_false-unreach-call.c_13.smt2,2.25,TO,0.07
Problem18_label34_false-unreach-call.c_2.smt2,1.73,TO,0.04
Problem18_label34_false-unreach-call.c_3.smt2,TO,TO,0.02
Problem18_label34_false-unreach-call.c_4.smt2,0.01,ERR,0.11
Problem18_label34_false-unreach-call.c_5.smt2,0.06,ERR,0.05
Problem18_label34_false-unreach-call.c_6.smt2,0,TO,0.05
Problem18_label34_false-unreach-call.c_7.smt2,0,TO,0.06
Problem18_label34_false-unreach-call.c_8.smt2,TO,ERR,0.02
Problem18_label34_false-unreach-call.c_9.smt2,1.27,TO,0.06
byte_add_1_true-unreach-call_true-no-overflow_true-termination.i_0.smt2,0,0.19,0.01
byte_add_1_true-unreach-call_true-no-overflow_true-termination.i_1.smt2,0,0.22,0.01
byte_add_1_true-unreach-call_true-no-overflow_true-termination.i_2.smt2,0,ERR,0.01
byte_add_1_true-unreach-call_true-no-overflow_true-termination.i_3.smt2,0,0.13,0.01
implicitunsignedconversion_true-unreach-call_true-termination.c_0.smt2,0.26,0.28,0
jain_2_true-unreach-call_true-no-overflow_false-termination.i_0.smt2,TO,0.34,0.01
jain_2_true-unreach-call_true-no-overflow_false-termination.i_1.smt2,0,0.2,0.01
jain_2_true-unreach-call_true-no-overflow_false-termination.i_10.smt2,0,0.18,0.02
jain_2_true-unreach-call_true-no-overflow_false-termination.i_11.smt2,0,0.18,0.03
jain_2_true-unreach-call_true-no-overflow_false-termination.i_12.smt2,0,0.18,0.02
jain_2_true-unreach-call_true-no-overflow_false-termination.i_13.smt2,0,0.18,0.02
jain_2_true-unreach-call_true-no-overflow_false-termination.i_14.smt2,0,0.2,0.02
jain_2_true-unreach-call_true-no-overflow_false-termination.i_16.smt2,TO,0.75,0.01
jain_2_true-unreach-call_true-no-overflow_false-termination.i_17.smt2,TO,1.22,0.02
jain_2_true-unreach-call_true-no-overflow_false-termination.i_18.smt2,TO,1.63,0.02
jain_2_true-unreach-call_true-no-overflow_false-termination.i_19.smt2,TO,2.45,0.01
jain_2_true-unreach-call_true-no-overflow_false-termination.i_2.smt2,TO,ERR,0.04
jain_2_true-unreach-call_true-no-overflow_false-termination.i_20.smt2,TO,3.12,0.03
jain_2_true-unreach-call_true-no-overflow_false-termination.i_21.smt2,TO,4.71,0.02
jain_2_true-unreach-call_true-no-overflow_false-termination.i_22.smt2,TO,ERR,0.03
jain_2_true-unreach-call_true-no-overflow_false-termination.i_23.smt2,TO,ERR,0.02
jain_2_true-unreach-call_true-no-overflow_false-termination.i_24.smt2,TO,1.93,0.02
jain_2_true-unreach-call_true-no-overflow_false-termination.i_25.smt2,TO,ERR,0.01
jain_2_true-unreach-call_true-no-overflow_false-termination.i_3.smt2,0,0.19,0.01
jain_2_true-unreach-call_true-no-overflow_false-termination.i_4.smt2,0,0.2,0.01
jain_2_true-unreach-call_true-no-overflow_false-termination.i_5.smt2,0,0.21,0.01
jain_2_true-unreach-call_true-no-overflow_false-termination.i_6.smt2,0,0.26,0.02
jain_2_true-unreach-call_true-no-overflow_false-termination.i_7.smt2,0.01,0.26,0.02
jain_2_true-unreach-call_true-no-overflow_false-termination.i_8.smt2,0.01,0.16,0.02
jain_2_true-unreach-call_true-no-overflow_false-termination.i_9.smt2,0,0.22,0.01
jain_6_true-unreach-call_true-no-overflow_false-termination.i_0.smt2,0,ERR,0.01
jain_6_true-unreach-call_true-no-overflow_false-termination.i_1.smt2,0,1.1,0.01
jain_6_true-unreach-call_true-no-overflow_false-termination.i_10.smt2,TO,18.74,0.08
jain_6_true-unreach-call_true-no-overflow_false-termination.i_11.smt2,0,ERR,0.02
jain_6_true-unreach-call_true-no-overflow_false-termination.i_12.smt2,0,2.32,0.03
jain_6_true-unreach-call_true-no-overflow_false-termination.i_13.smt2,0,0.31,0.02
jain_6_true-unreach-call_true-no-overflow_false-termination.i_14.smt2,0,1.17,0.02
jain_6_true-unreach-call_true-no-overflow_false-termination.i_15.smt2,0,1.25,0.02
jain_6_true-unreach-call_true-no-overflow_false-termination.i_16.smt2,TO,ERR,0.08
jain_6_true-unreach-call_true-no-overflow_false-termination.i_17.smt2,TO,ERR,TO
jain_6_true-unreach-call_true-no-overflow_false-termination.i_18.smt2,TO,ERR,0.39
jain_6_true-unreach-call_true-no-overflow_false-termination.i_2.smt2,0,0.13,0.01
jain_6_true-unreach-call_true-no-overflow_false-termination.i_3.smt2,0,ERR,0.01
jain_6_true-unreach-call_true-no-overflow_false-termination.i_4.smt2,TO,6.54,0
jain_6_true-unreach-call_true-no-overflow_false-termination.i_5.smt2,0.02,7.24,TO
jain_6_true-unreach-call_true-no-overflow_false-termination.i_6.smt2,TO,5.57,TO
jain_6_true-unreach-call_true-no-overflow_false-termination.i_7.smt2,0,ERR,TO
jain_6_true-unreach-call_true-no-overflow_false-termination.i_8.smt2,TO,ERR,0.1
jain_6_true-unreach-call_true-no-overflow_false-termination.i_9.smt2,TO,ERR,0.08
jain_7_true-unreach-call_true-no-overflow_false-termination.i_0.smt2,0,TO,0.03
jain_7_true-unreach-call_true-no-overflow_false-termination.i_1.smt2,TO,TO,0.16
jain_7_true-unreach-call_true-no-overflow_false-termination.i_10.smt2,0,TO,0.03
jain_7_true-unreach-call_true-no-overflow_false-termination.i_11.smt2,0,TO,TO
jain_7_true-unreach-call_true-no-overflow_false-termination.i_12.smt2,TO,ERR,0.09
jain_7_true-unreach-call_true-no-overflow_false-termination.i_13.smt2,TO,ERR,0.08
jain_7_true-unreach-call_true-no-overflow_false-termination.i_14.smt2,TO,TO,0.1
jain_7_true-unreach-call_true-no-overflow_false-termination.i_15.smt2,TO,TO,0.1
jain_7_true-unreach-call_true-no-overflow_false-termination.i_16.smt2,TO,TO,0.11
jain_7_true-unreach-call_true-no-overflow_false-termination.i_17.smt2,TO,TO,0.11
jain_7_true-unreach-call_true-no-overflow_false-termination.i_18.smt2,0,TO,0.06
jain_7_true-unreach-call_true-no-overflow_false-termination.i_2.smt2,0,TO,0.03
jain_7_true-unreach-call_true-no-overflow_false-termination.i_3.smt2,0,TO,0.03
jain_7_true-unreach-call_true-no-overflow_false-termination.i_4.smt2,0,TO,0.04
jain_7_true-unreach-call_true-no-overflow_false-termination.i_5.smt2,0.01,TO,0.04
jain_7_true-unreach-call_true-no-overflow_false-termination.i_6.smt2,0,TO,0.03
jain_7_true-unreach-call_true-no-overflow_false-termination.i_7.smt2,0,TO,0.03
jain_7_true-unreach-call_true-no-overflow_false-termination.i_8.smt2,0,TO,0.04
jain_7_true-unreach-call_true-no-overflow_false-termination.i_9.smt2,0,TO,0.05
pals_lcr-var-start-time.6_true-unreach-call.ufo.UNBOUNDED.pals.c_1.smt2,0.01,ERR,0.03
s3_srvr_2_true-unreach-call_true-no-overflow_false-termination.BV.c.cil.c_0.smt2,0,0.62,0
verisec_sendmail__tTflag_arr_one_loop_false-unreach-call_true-termination.i_0.smt2,0.89,ERR,4.59
verisec_sendmail__tTflag_arr_one_loop_false-unreach-call_true-termination.i_1.smt2,0,3.11,TO
verisec_sendmail__tTflag_arr_one_loop_false-unreach-call_true-termination.i_10.smt2,0.09,3.56,TO
verisec_sendmail__tTflag_arr_one_loop_false-unreach-call_true-termination.i_11.smt2,0.09,3.61,TO
verisec_sendmail__tTflag_arr_one_loop_false-unreach-call_true-termination.i_2.smt2,0.04,5.36,0.12
verisec_sendmail__tTflag_arr_one_loop_false-unreach-call_true-termination.i_3.smt2,9.41,5.97,TO
verisec_sendmail__tTflag_arr_one_loop_false-unreach-call_true-termination.i_4.smt2,30.76,6,0.06
verisec_sendmail__tTflag_arr_one_loop_false-unreach-call_true-termination.i_5.smt2,0.03,6.42,TO
verisec_sendmail__tTflag_arr_one_loop_false-unreach-call_true-termination.i_6.smt2,0.01,6.24,TO
verisec_sendmail__tTflag_arr_one_loop_false-unreach-call_true-termination.i_7.smt2,0,6.03,0.06
verisec_sendmail__tTflag_arr_one_loop_false-unreach-call_true-termination.i_8.smt2,TO,3.99,4.39
verisec_sendmail__tTflag_arr_one_loop_false-unreach-call_true-termination.i_9.smt2,TO,3.71,TO
